{"cameraMode":{"drawMode":0,"name":"Shaded","section":"Shading Mode"},"sceneLighting":false,"audioPlay":false,"sceneViewState":{"m_AlwaysRefresh":false,"showFog":true,"showSkybox":false,"showFlares":true,"showImageEffects":true,"showParticleSystems":true,"showVisualEffectGraphs":true,"m_FxEnabled":true},"in2DMode":false,"pivot":{"x":-2.181565999984741,"y":13.075231552124024,"z":6.005094528198242},"rotation":{"x":0.08805031329393387,"y":-0.02330833673477173,"z":-0.0020507671870291235,"w":-0.9957993030548096},"size":4.823960781097412,"orthographic":false}